ticker,total_signals,wins,win_rate,buy_signals,buy_win_rate,sell_signals,sell_win_rate,strong_signals,strong_win_rate,avg_price_chg
20MICRONS.NS,60,36,60.0,16,56.2,44,61.4,9,66.7,-0.5
21STCENMGM.NS,39,20,51.3,22,27.3,17,82.4,4,50.0,-3.9
360ONE.NS,59,21,35.6,21,38.1,38,34.2,5,20.0,0.92
3IINFOLTD.NS,57,26,45.6,24,37.5,33,51.5,8,50.0,-1.03
3MINDIA.NS,63,34,54.0,26,50.0,37,56.8,10,60.0,-0.21
3PLAND.NS,55,35,63.6,13,69.2,42,61.9,5,60.0,1.13
5PAISA.NS,61,30,49.2,30,30.0,31,67.7,17,41.2,-1.59
63MOONS.NS,60,32,53.3,17,47.1,43,55.8,9,66.7,1.38
A2ZINFRA.NS,53,24,45.3,23,39.1,30,50.0,3,33.3,-1.11
AAATECH.NS,54,32,59.3,25,44.0,29,72.4,10,40.0,-1.91
AADHARHFC.NS,57,37,64.9,22,54.5,35,71.4,4,50.0,-0.59
AAKASH.NS,60,32,53.3,20,40.0,40,60.0,14,57.1,-0.34
AAREYDRUGS.NS,61,30,49.2,28,39.3,33,57.6,9,77.8,0.15
AARON.NS,64,33,51.6,20,25.0,44,63.6,11,45.5,-0.79
AARTECH.NS,56,31,55.4,20,35.0,36,66.7,8,50.0,0.35
AARTIDRUGS.NS,60,29,48.3,29,31.0,31,64.5,7,57.1,-0.74
AARTIIND.NS,61,28,45.9,22,31.8,39,53.8,7,71.4,-0.49
AARTIPHARM.NS,61,39,63.9,23,47.8,38,73.7,10,60.0,-1.0
AARTISURF.NS,57,32,56.1,20,40.0,37,64.9,5,60.0,-0.76
AARVI.NS,56,30,53.6,23,43.5,33,60.6,7,57.1,0.14
AAVAS.NS,46,24,52.2,17,41.2,29,58.6,12,33.3,-0.61
ABAN.NS,67,42,62.7,18,44.4,49,69.4,15,53.3,-3.09
ABB.NS,56,24,42.9,20,40.0,36,44.4,5,40.0,-0.5
ABBOTINDIA.NS,65,36,55.4,32,50.0,33,60.6,6,33.3,0.0
ABCAPITAL.NS,60,26,43.3,31,51.6,29,34.5,9,33.3,1.16
ABCOTS.NS,50,19,38.0,39,35.9,11,45.5,2,0.0,-0.25
ABDL.NS,52,22,42.3,14,50.0,38,39.5,10,50.0,2.99
ABFRL.NS,53,29,54.7,15,26.7,38,65.8,7,85.7,-3.38
ABINFRA.NS,65,35,53.8,30,63.3,35,45.7,7,42.9,1.16
ABLBL.NS,21,9,42.9,10,10.0,11,72.7,8,75.0,-3.3
ABMINTLLTD.NS,55,29,52.7,27,44.4,28,60.7,7,57.1,-1.1
ABREL.NS,48,30,62.5,17,29.4,31,80.6,11,63.6,-3.54
ABSLAMC.NS,54,26,48.1,22,54.5,32,43.8,8,12.5,1.02
ACC.NS,60,32,53.3,32,40.6,28,67.9,7,57.1,-1.53
ACCELYA.NS,62,33,53.2,30,43.3,32,62.5,10,30.0,-0.85
ACCURACY.NS,59,29,49.2,24,25.0,35,65.7,5,40.0,-2.73
ACE.NS,63,36,57.1,20,45.0,43,62.8,13,46.2,-1.11
ACEINTEG.NS,59,33,55.9,25,28.0,34,76.5,14,50.0,-2.12
ACI.NS,55,26,47.3,21,47.6,34,47.1,11,45.5,-0.0
ACL.NS,56,31,55.4,25,28.0,31,77.4,12,58.3,-2.86
ACMESOLAR.NS,45,25,55.6,20,65.0,25,48.0,6,66.7,2.02
ACUTAAS.NS,68,30,44.1,34,61.8,34,26.5,6,66.7,4.07
ADANIENSOL.NS,56,26,46.4,20,45.0,36,47.2,7,42.9,1.25
ADANIENT.NS,62,28,45.2,17,41.2,45,46.7,11,45.5,-0.24
ADANIGREEN.NS,59,30,50.8,23,43.5,36,55.6,4,75.0,-1.17
ADANIPORTS.NS,57,29,50.9,28,60.7,29,41.4,14,57.1,1.29
ADANIPOWER.NS,60,28,46.7,23,56.5,37,40.5,5,20.0,1.86
ADFFOODS.NS,63,34,54.0,13,46.2,50,56.0,15,46.7,0.41
ADL.NS,42,21,50.0,18,44.4,24,54.2,5,40.0,1.13
ADOR.NS,53,22,41.5,29,44.8,24,37.5,12,33.3,-0.22
ADROITINFO.NS,48,23,47.9,21,33.3,27,59.3,5,20.0,-2.3
ADSL.NS,61,38,62.3,11,18.2,50,72.0,6,50.0,-2.7
ADVANCE.NS,8,7,87.5,1,100.0,7,85.7,2,100.0,-2.45
ADVANIHOTR.NS,67,35,52.2,19,31.6,48,60.4,9,66.7,-0.81
ADVENTHTL.NS,7,5,71.4,1,100.0,6,66.7,1,0.0,-3.07
ADVENZYMES.NS,69,44,63.8,24,62.5,45,64.4,7,85.7,-1.07
AEGISLOG.NS,65,34,52.3,20,45.0,45,55.6,2,100.0,0.09
AEGISVOPAK.NS,22,14,63.6,6,50.0,16,68.8,5,60.0,-3.19
AEQUS.NS,4,3,75.0,0,0.0,4,75.0,0,0.0,-0.6
AEROENTER.NS,57,33,57.9,26,50.0,31,64.5,10,50.0,-1.05
AEROFLEX.NS,57,28,49.1,21,57.1,36,44.4,2,100.0,2.03
AERONEU.NS,56,31,55.4,29,48.3,27,63.0,3,66.7,0.22
AETHER.NS,60,30,50.0,24,50.0,36,50.0,5,80.0,1.25
AFCONS.NS,48,22,45.8,18,27.8,30,56.7,6,33.3,-1.32
AFFLE.NS,62,33,53.2,20,50.0,42,54.8,9,22.2,0.32
AFFORDABLE.NS,51,35,68.6,17,58.8,34,73.5,11,72.7,-3.15
AFIL.NS,55,29,52.7,22,45.5,33,57.6,13,53.8,0.07
AFSL.NS,50,28,56.0,22,45.5,28,64.3,4,75.0,-0.91
AGARIND.NS,60,34,56.7,13,30.8,47,63.8,10,60.0,-2.01
AGARWALEYE.NS,40,19,47.5,15,53.3,25,44.0,1,100.0,0.92
AGI.NS,63,37,58.7,14,42.9,49,63.3,7,57.1,0.04
AGIIL.NS,51,22,43.1,22,54.5,29,34.5,8,50.0,2.53
AGRITECH.NS,56,36,64.3,12,33.3,44,72.7,18,72.2,-1.4
AGROPHOS.NS,52,26,50.0,26,30.8,26,69.2,9,44.4,-1.72
AGSTRA.NS,56,30,53.6,17,29.4,39,64.1,10,60.0,-5.14
AHCL.NS,10,6,60.0,4,50.0,6,66.7,0,0.0,0.88
AHLADA.NS,50,26,52.0,21,28.6,29,69.0,14,57.1,-3.13
AHLEAST.NS,62,37,59.7,24,58.3,38,60.5,3,100.0,0.13
AHLUCONT.NS,60,32,53.3,28,39.3,32,65.6,9,66.7,-1.21
AHLWEST.NS,6,1,16.7,0,0.0,6,16.7,6,16.7,39.79
AIAENG.NS,54,33,61.1,18,66.7,36,58.3,10,100.0,0.62
AIIL.NS,62,32,51.6,28,53.6,34,50.0,1,0.0,0.48
AIRAN.NS,58,34,58.6,11,36.4,47,63.8,10,90.0,-1.79
AIROLAM.NS,52,26,50.0,19,36.8,33,57.6,3,33.3,-1.03
AJANTPHARM.NS,63,29,46.0,20,30.0,43,53.5,8,50.0,-0.52
AJAXENGG.NS,31,13,41.9,9,22.2,22,50.0,6,16.7,0.21
AJMERA.NS,60,26,43.3,28,32.1,32,53.1,12,58.3,-0.84
AJOONI.NS,61,33,54.1,21,28.6,40,67.5,6,50.0,-1.09
AKASH.NS,61,32,52.5,18,38.9,43,58.1,10,60.0,-0.24
AKG.NS,59,25,42.4,24,37.5,35,45.7,11,63.6,-0.35
AKI.NS,53,28,52.8,19,26.3,34,67.6,10,90.0,-1.47
AKSHAR.NS,61,30,49.2,21,33.3,40,57.5,7,28.6,-1.55
